brand,model_name,first_model_year,last_model_year,submodel_line_examples,trim_name_examples
chevrolet,뉴 볼트 EV,2022,2022,(전기),프리미어
chevrolet,더 넥스트 스파크,2015,2018,"1.0, 1.0 승용밴","LS, LS 베이직, LT, LT 플러스, LTZ, 스페셜 에디션 패션, 스페셜 에디션 퍼펙트 블랙, 에코 LS, 에코 LS 베이직, 에코 LT 플러스"
chevrolet,더 넥스트 이쿼녹스,2022,2022,"1.5 터보 2WD, 1.5 터보 AWD","LS, LT, RS, 프리미어"
chevrolet,더 뉴 말리부,2019,2021,"1.3 터보, 1.6 디젤, 1.8 HEV, 2.0 터보","LS, LS 디럭스, LT, LT 디럭스, 레드라인 프리미어, 레드라인 프리미어 프라임 세이프티, 프리미어, 프리미어 퍼펙트 블랙 프라임 세이프티, 프리미어 퍼펙트 블랙 프리미어, 프리미어 프라임 세이프티"
chevrolet,더 뉴 스파크,2018,2021,"1.0, 1.0 승용밴","LS, LS 베이직, LT, 레드픽 에디션, 마이핏 LT, 마이핏 에디션, 프리미어, -, 베이직"
chevrolet,더 뉴 아베오,2017,2019,"1.4 터보, 1.4 터보 해치백","L, LS, LT"
chevrolet,더 뉴 카마로 SS,2019,2019,6.2 V8,"-, 볼케이노 레드"
chevrolet,더 뉴 트랙스,2016,2019,"1.4 가솔린, 1.6 디젤","LS, LS 디럭스, LT, LT 디럭스, LT 코어, LTZ, 레드라인 LT 코어, 레드라인 프리미어, 블레이드 에디션, 퍼펙트 블랙"
chevrolet,더 뉴 트레일블레이저,2024,2025,"1.3 터보 2WD, 1.3 터보 AWD","LT, RS, 액티브, 프리미어"
chevrolet,리얼 뉴 콜로라도,2021,2021,"3.6 V6, 3.6 V6 4WD","익스트림, Z71-X, Z71-X 미드나잇, 익스트림-X"
chevrolet,말리부,2010,2016,"2.0, 2.0 LPGi, 2.0 디젤, 2.4","LS, LS 디럭스 팩, LT, LT 디럭스팩, LTZ, LTZ 디럭스팩(블랙휠), LTZ 디럭스팩(알로이휠), LS 디럭스, LT 디럭스, LTZ 디럭스"
chevrolet,볼트 (VOLT),2017,2018,1.5 EREV,-
chevrolet,볼트 EUV,2022,2022,(전기),프리미어
chevrolet,볼트 EV,2017,2019,(전기),"-, LT, LT 디럭스, 프리미어"
chevrolet,스파크,2011,2015,"1.0, 1.0 LPGi, 1.0 LPGi 밴, 1.0 S, 1.0 밴","L, LS, LS 스타, LS 플러스, LT, LT 스페셜 에디션, 비트 에디션, 스트라이프 에디션, 시티 팝 에디션, 씨티런 에디션"
chevrolet,스파크 EV,2014,2014,EV,-
chevrolet,아베오,2011,2016,"1.4 터보, 1.4 터보 해치백, 1.6, 1.6 해치백","L 스타, LS 고급형, LT 스포츠, LT 최고급형, 스타일, 퍼펙트 블랙, LS 스탠다드, LS 스포츠, RS, L 일반형"
chevrolet,어메이징 뉴 크루즈,2015,2016,"1.4 터보, 1.4 터보 5도어, 1.6 디젤, 1.8, 1.8 5도어, 2.0 디젤, 2.0 디젤 5도어","LT 디럭스팩, LTZ, 프레셜 에디션 퍼펙트 블랙, LS, LT, 퍼펙트 블랙"
chevrolet,올 뉴 말리부,2016,2018,"1.5 터보, 1.8 HEV, 2.0 터보","LS, LS 디럭스, LT, LT 디럭스, LTZ, LTZ 퍼펙트 블랙, LTZ 프리미엄 세이프티, LTZ 프리미엄 세이프티 퍼펙트 블랙, LT 프리미엄, LTZ 프리미엄"
chevrolet,올 뉴 카마로 SS,2017,2018,6.2 V8,"-, 볼케이노 레드"
chevrolet,올 뉴 콜로라도,2024,2024,2.7 가솔린,Z71
chevrolet,올 뉴 크루즈,2017,2017,"1.4 터보, 1.6 디젤","LS, LT, LT 디럭스, LTZ, LTZ 디럭스"
chevrolet,올란도,2011,2018,"1.6 디젤, 2.0 LPGi, 2.0 LPGi (랜터카용), 2.0 LPGi (택시형), 2.0 디젤","LS 고급형, LT 세이프티, LT 컨비니언스, LT 프리미엄, LTZ 세이프티, LTZ 프리미엄, 다이나믹 스페셜 에디션, 퍼펙트 블랙, LS 일반형, 다이나믹"
chevrolet,이쿼녹스,2018,2019,"1.6 디젤, 1.6 디젤 AWD","LS, LT, LT 익스클루시브, LT 플러스, LT 플러스 익스클루시브, 퍼펙트 블랙, 프리미어, 프리미어 익스클루시브"
chevrolet,임팔라,2016,2018,"2.5, 3.6","LT, LTZ, 미드나이트 블랙, 프리미어"
chevrolet,카마로,2011,2015,3.6 V6,"-, RS"
chevrolet,캡티바,2011,2018,"2.0 디젤 2WD, 2.2 디젤 2WD, 2.2 디젤 4WD, 2.4 가솔린","LS, LS 디럭스팩, LS 프리미엄, LT, LT 디럭스팩, LT 프리미엄, LTZ, 다이나믹 레드, 시티팩, 어드벤처팩"
chevrolet,콜로라도,2020,2020,"3.6 V6, 3.6 V6 4WD","익스트림, 익스트림-X, 익스트림-X 사이드 레일, 익스트림-X 스포츠 바"
chevrolet,콜벳,2012,2012,6.2 V8,-
chevrolet,크루즈,2011,2016,"1.4 터보, 1.4 터보 5도어, 1.6, 1.8, 1.8 5도어, 2.0 디젤, 2.0 디젤 5도어","LT 플러스 래더팩, LTZ 플러스, LTZ 플러스 더 퍼펙트 블랙, LTZ 플러스 스타일팩, LT, LT 플러스, LTZ, LTZ 더 퍼펙트 블랙, LS, LS 플러스"
chevrolet,타호,2022,2022,6.2 4WD,"다크 나이트, 하이 컨트리"
chevrolet,트래버스,2020,2020,3.6 V6,"LT 레더, LT 레더 프리미엄, RS, 레드라인, 프리미어"
chevrolet,트랙스,2013,2016,"1.4 가솔린, 1.6 디젤","LS, LS 디럭스 패키지, LT, LT 디럭스, LT 레더 패키지, LTZ, 퍼팩트 블랙, 프리미엄 에디션, 퍼펙트 블랙"
chevrolet,트랙스 크로스오버,2024,2026,1.2 가솔린 터보,"LS, LT, RS, RS 미드나잇 에디션, 레드라인, 액티브"
chevrolet,트레일블레이저,2020,2022,"1.2 터보 2WD, 1.3 터보 2WD, 1.3 터보 AWD","LS, LT, RS, 액티브, 프리미어"
hyundai,LF쏘나타,2014,2017,"1.6 터보, 1.7 디젤, 2.0, 2.0 LPi, 2.0 LPi (장애인용), 2.0 LPi (택시형), 2.0 구조변경(가솔린), 2.0 터보, 2.4","스마트, 스마트 스페셜, 스타일, 썸머 스페셜, 와일드 버건디, 윈터 스페셜, 케어 플러스, 스타일 스페셜, 프리미엄, 프리미엄 스페셜"
hyundai,LF쏘나타 하이브리드,2015,2017,"2.0 HEV, 2.0 PHEV","모던, 모던 스페셜, 스마트, 프리미엄, 프리미엄 스페셜, 익스클루시브"
hyundai,ST1,2024,2025,"샤시캡, 카고, 카고 냉동, 특장 하이탑","스마트, 스타일, 프리미엄"
hyundai,YF쏘나타,2009,2012,"2.0 CVVL, 2.0 LPi, 2.0 LPi (장애인용), 2.0 LPi (택시형), 2.0 VVT, 2.0 터보, 2.4, 2.4 수출형, 구조변경(가솔린)","그랜드, 럭셔리, 로얄, 블루세이버, 탑, 프라임, 프리미어, 디럭스, DTX, LTX"
hyundai,e-에어로타운,2010,2020,"기타, 롱바디, 캠핑카, 표준형","-, 21인승 도시형(마을), 34인승 영업용, 34인승 자가용, 35인승 자가용, 38인승 자가용, 19인승 도시형(마을), 30인승 자가용"
hyundai,e-카운티,2005,2012,"롱바디, 캠핑카, 표준형","12인승 마을버스 중후문 디럭스, 12인승 자가용 리무진, 15인승 렌터카 투어, 15인승 마을버스 디럭스, 15인승 자가용 리무진, 16인승 영업용 투어, 18인승 장애인용 슈퍼, 25인승 영업용 골드, 25인승 영업용 슈퍼, 25인승 영업용 스페셜"
hyundai,e마이티,2007,2015,"2.5톤 내장탑차, 2.5톤 냉동탑차, 2.5톤 더블캡, 2.5톤 덤프, 2.5톤 슈퍼캡, 2.5톤 윙바디, 2.5톤 일반캡, 2.5톤 큐티, 2톤, 2톤 냉동탑차","-, 장축고상 슈퍼, 장축고상 골드, 장축저상 골드, 장축저상 슈퍼, 단축고상 디럭스, 장축고상 디럭스, 장축저상 디럭스, 장축고상 하이슈퍼, 장축저상 하이슈퍼"
hyundai,i20,2008,2012,1.4,"(08~11년), (12~14년)"
hyundai,i30,2007,2012,"1.6 VVT, 1.6 디젤, 1.6 디젤 유로V, 1.8 수출형, 2.0","디럭스, 럭셔리, 월드컵 스페셜 에디션, 익스트림, 트렌디, 프리미어, 프리미어 브라운, 프리미어 브라운 스페셜, 유니크, 트랜디"
hyundai,i30 PD,2016,2019,"1.4 터보, 1.6 디젤, 1.6 터보, 2.0 수출형","모던, 스마트, 스타일, 스타일 베스트핏, 튜너 패키지, 프리미엄, N 라인, N 라인 스포츠 에센스 에디션, 스포츠, 스포츠 프리미엄"
hyundai,i30CW,2007,2011,"1.6, 1.6 디젤, 1.6 디젤 유로V, 2.0","디럭스, 럭셔리, 월드컵 스페셜 에디션, 트렌디, 프리미어, 익스트림"
hyundai,i40,2011,2015,"1.7 디젤 왜건, 2.0 왜건","PYL, 디 스팩, 모던, 스마트, 유니크, 프리미엄, 수출형"
hyundai,i40 살룬,2012,2015,"1.7 디젤, 2.0","PYL, 디 스팩, 모던, 스마트, 유니크, 프리미엄"
hyundai,그랜드스타렉스,2007,2017,"2.4 LPi 밴 3인승, 2.4 LPi 밴 5인승, 2.4 LPi 왜건 12인승, 2.5 디젤 밴 3인승 2WD, 2.5 디젤 밴 5인승 2WD, 2.5 디젤 왜건 11인승 2WD, 2.5 디젤 왜건 11인승 4WD, 2.5 디젤 왜건 12인승 2WD, 2.5 디젤 왜건 12인승 4WD, 냉동차량","CVX 디럭스, CVX 럭셔리, CVX 밸류, CVX 프리미엄, 스마트, 기본형, 모던, 스마트 스페셜, HVX VIP팩, HVX 프리미엄"
hyundai,그랜저HG,2011,2022,"220 디젤, 240, 300, 300 LPi, 300 LPi (장애인용), 300 LPi (택시형), 300 구조변경 (가솔린), 330","모던, 모던 컬렉션, 프리미엄, 프리미엄 컬렉션, 럭셔리, 스페셜, 아제라(수출형), 노블, 더 타임리스, 로얄"
hyundai,그랜저HG 하이브리드,2013,2015,2.4 HEV,"프리미엄, 프리미엄 컬렉션"
hyundai,그랜저IG,2017,2019,"2.2 디젤, 2.4, 3.0, 3.0 LPi, 3.0 LPi (렌터카용), 3.0 LPi (장애인용), 3.0 LPi (택시형), 3.3, 3.5 아제라(수출형)","모던, 프리미엄, 프리미엄 스페셜, 모던 베이직 (렌터카), 익스클루시브 스페셜, 익스클루시브, 모던 베이직, 개인형, 모범형, 모범형 VIP 패키지"
hyundai,그랜저IG 하이브리드,2017,2019,2.4 HEV,"익스클루시브, 익스클루시브 스페셜, 프리미엄"
hyundai,그린시티,2014,2014,"21인승, 25인승, 29인승, 34인승, CNG 21인승, CNG 25인승, CNG 29인승","마을버스, 시내버스, 시외버스, 자가용"
hyundai,넥쏘,2018,2018,"모던, 프리미엄",-
hyundai,넥쏘 (NH2),2025,2025,"익스클루시브, 프레스티지","-, 스페셜"
hyundai,뉴 i30,2012,2015,"1.6, 1.6 디젤, 1.8 수출형, 2.0","PYL, PYL 튜익스 블랙 라이트, PYL 튜익스 크레용, 블루세이버, 유니크, 익스트림, -, D 스펙"
hyundai,뉴 슈퍼에어로시티,2020,2021,"21+35+1인승, 34인승, 38인승, 39인승, 46인승, 62인승, CNG 25+27+1인승, CNG 25+31+1인승, CNG 34인승, CNG 38인승","도시형(마을), 장애인버스, 시내버스, 시외버스, 자가용, -"
hyundai,뉴 에쿠스,2009,2015,"3.8, 3.8 리무진, 4.6, 5.0, 5.0 리무진","VS380 럭셔리, VS380 모던, VS380 익스클루시브, VS380 프라임, VS380 프라임 VIP팩, VS380 프레스티지, VS380 프레스티지 VIP팩Ⅰ, VS380 프레스티지 VIP팩Ⅱ, VS380 프레스티지 VVIP팩, VS380 프리미엄"
hyundai,뉴 카운티,2013,2014,"단축, 이동도서관차, 장애인용, 장축, 캠핑카","15인승 슈퍼, 25인승 디럭스, 25인승 슈퍼, 25인승 일반형, 34인승 어린이버스 디럭스, 11인승 리무진, 12인승 마을버스 중후문 디럭스, 15인승 렌터카 투어, 15인승 리무진, 15인승 마을버스 전중문 디럭스"
hyundai,뉴 투싼ix,2013,2015,"2.0 가솔린, 2.0 디젤 2WD, 2.0 디젤 4WD, 퓨얼 셀 2WD","모던, 스마트 스페셜, 스타일, 월드컵 에디션, 스마트, 프리미엄, -"
hyundai,더 뉴 i30,2015,2015,"1.6 디젤, 2.0","PYL, 유니크, 튜익스, 튜익스 블랙 라이트, D 스펙, 수출형"
hyundai,더 뉴 i40,2015,2018,"1.7 디젤, 1.7 디젤 (수출형), 2.0","D 스펙, PYL, 스마트, 유니크, 프리미엄, -"
hyundai,더 뉴 i40 살룬,2015,2018,"1.7 디젤, 2.0","D 스펙, PYL, 스마트, 유니크, 프리미엄"
hyundai,더 뉴 그랜드스타렉스,2018,2021,"2.4 LPi 12인승, 2.4 LPi 밴 3인승, 2.4 LPi 밴 5인승, 2.4 LPi 어린이보호차, 2.4 LPi 캠핑카, 2.5 디젤 리무진 6인승 2WD, 2.5 디젤 리무진 6인승 4WD, 2.5 디젤 리무진 9인승 2WD, 2.5 디젤 리무진 9인승 4WD, 2.5 디젤 밴 3인승","스마트, 12인승, 15인승, -, 익스클루시브, 익스클루시브 듀얼 선루프, 스타일, 모던, 2WD, 4WD"
hyundai,더 뉴 그랜저,2020,2021,"2.5, 3.0 LPi, 3.0 LPi (렌터카용), 3.0 LPi (장애인용), 3.0 LPi (택시형), 3.3","르블랑, 익스클루시브, 캘리그래피, 프리미엄, 프리미엄 초이스, 모던, 익스클루시브 플러스, 프리미엄 플러스, 고급형, 고급형 VIP 패키지"
hyundai,더 뉴 그랜저 하이브리드,2020,2021,2.4 HEV,"르블랑, 익스클루시브, 캘리그래피, 프리미엄, 프리미엄 초이스"
hyundai,더 뉴 맥스크루즈,2013,2018,"2.2 디젤 2WD, 2.2 디젤 4WD, 3.3 가솔린 2WD, 3.3 가솔린 4WD","익스클루시브, 익스클루시브 스페셜, 파이니스트 에디션, 프레스티지, 수출형"
hyundai,더 뉴 벨로스터,2015,2015,"1.6, 1.6 터보","PYL, PYL DCT, 유니크, D 스펙"
hyundai,더 뉴 스타리아,2025,2025,"2.2 디젤 7인승 휠체어 리프트 2WD, 2.2 디젤 7인승 휠체어 리프트 4WD, 2.2 디젤 7인승 휠체어 슬로프 2WD, 2.2 디젤 7인승 휠체어 슬로프 4WD, 2.2 디젤 라운지 7인승 2WD, 2.2 디젤 라운지 7인승 4WD, 2.2 디젤 라운지 9인승 2WD, 2.2 디젤 라운지 9인승 4WD, 2.2 디젤 라운지 모빌리티 7인승 2WD, 2.2 디젤 라운지 모빌리티 7인승 4WD","7인승, 리무진, 인스퍼레이션, -, 프레스티지, 9인승, 모던, 스마트, 특장업체, 프레스티지 캠퍼 11인승"
hyundai,더 뉴 싼타페,2021,2022,"2.2 디젤 2WD, 2.2 디젤 4WD, 2.5 가솔린 터보 2WD, 2.5 가솔린 터보 AWD","익스클루시브 5인승, 익스클루시브 6인승, 익스클루시브 7인승, 캘리그래피 5인승, 캘리그래피 6인승, 캘리그래피 7인승, 프레스티지 5인승, 프레스티지 6인승, 프레스티지 7인승, 프리미엄 5인승"
hyundai,더 뉴 싼타페 하이브리드,2022,2022,"1.6 터보 HEV 2WD, 1.6 터보 HEV AWD","익스클루시브 5인승, 익스클루시브 6인승, 익스클루시브 7인승, 캘리그래피 5인승, 캘리그래피 6인승, 캘리그래피 7인승, 프레스티지 5인승, 프레스티지 6인승, 프레스티지 7인승"
hyundai,더 뉴 아반떼,2014,2016,"1.6, 1.6 LPi, 1.6 LPi (장애인용), 1.6 디젤","모던, 모던 튜익스 에디션 II, 스마트, 스마트 튜익스 에디션 I, 스타일, 월드컵 에디션, 텐 밀리언 리미티드, 텐 밀리언 튜익스 에디션 II, 프리미엄, 프리미엄 튜익스 에디션 II"
hyundai,더 뉴 아반떼 N,2023,2026,"2.0 터보 수동, 2.0 터보 자동","-, TCR 디자인 패키지, TCR 에디션 패키지, 시티 팩, 트랙 팩"
hyundai,더 뉴 아반떼 [CN7],2023,2026,"1.6, 1.6 LPi, 1.6 LPi (렌터카용), 1.6 LPi (장애인용)","N라인, 모던, 스마트, 인스퍼레이션"
hyundai,더 뉴 아반떼 하이브리드 [CN7],2023,2026,1.6 HEV,"N라인, 모던, 모던 라이트, 스마트, 인스퍼레이션"
hyundai,더 뉴 아반떼AD,2019,2019,"1.6, 1.6 LPi, 1.6 LPi (렌터카용), 1.6 LPi (장애인용), 1.6 디젤, 1.6 터보 스포츠","스마트, 스마트 베스트 초이스팩, 스마트 초이스, 스타일, 프리미엄, 모던"
hyundai,더 뉴 아이오닉 5,2024,2025,"(영업용) 2WD, (영업용) 4WD, 롱레인지 2WD, 롱레인지 4WD, 스탠다드 2WD","-, N 라인, N 라인(익스클루시브), N 라인(프레스티지), 이-라이트, 익스클루시브, 프레스티지, N 라인 (익스클루시브), N 라인 (프레스티지), 이-밸류 플러스"
hyundai,더 뉴 아이오닉 6,2025,2026,"롱레인지, 롱레인지 AWD, 스탠다드","E-라이트, 익스클루시브, 익스클루시브 N라인, 프레스티지, 프레스티지 N라인, E-밸류 플러스"
hyundai,더 뉴 아이오닉 일렉트릭,2019,2019,(전기),"N, Q"
hyundai,더 뉴 아이오닉 플러그인,2019,2019,1.6 HEV,"N, Q"
hyundai,더 뉴 아이오닉 하이브리드,2019,2019,1.6 HEV,"I, N, Q"
hyundai,더 뉴 제네시스 쿠페,2012,2015,"2.0 터보, 3.8","D, S, GT P, GT R"
hyundai,더 뉴 캐스퍼,2025,2026,"1.0, 1.0 밴, 1.0 터보, 1.0 터보 밴","디 에센셜, 스마트, 인스퍼레이션, 스마트 초이스"
hyundai,더 뉴 코나,2021,2021,"1.6 가솔린 터보 2WD, 1.6 가솔린 터보 4WD, 2.0 가솔린 2WD, 2.0 가솔린 4WD","N 라인 모던, N 라인 인스퍼레이션, 모던, 스마트, 인스퍼레이션"
hyundai,더 뉴 코나 하이브리드,2021,2021,1.6 HEV 2WD,"모던, 스마트, 인스퍼레이션"
hyundai,더 뉴 투싼,2024,2026,"1.6 터보 2WD, 1.6 터보 AWD, 2.0 디젤 2WD, 2.0 디젤 AWD","H-Pick, N 라인 인스퍼레이션, N 라인 프리미엄, 모던, 블랙 익스테리어, 인스퍼레이션, 프리미엄"
hyundai,더 뉴 투싼 하이브리드,2024,2024,"1.6 터보 HEV 2WD, 1.6 터보 HEV AWD","N 라인 인스퍼레이션, N 라인 프리미엄, 모던, 인스퍼레이션, 프리미엄"
hyundai,더 뉴 팰리세이드,2023,2024,"2.2 디젤 2WD, 2.2 디젤 4WD, 3.8 가솔린 2WD, 3.8 가솔린 4WD","VIP, 르블랑, 익스클루시브, 캘리그래피, 캘리그래피 블랙에디션, 프레스티지"
hyundai,디 올 뉴 그랜저,2023,2026,"2.5 2WD, 3.5 2WD, 3.5 4WD, 3.5 LPG 2WD, 3.5 LPG 2WD (장애인용), 3.5 LPG 2WD (택시형)","아너스, 익스클루시브, 캘리그래피, 캘리그래피(블랙익스테리어), 캘리그래피(블랙잉크), 프리미엄, 캘리그래피 (블랙익스테리어), 캘리그래피 (블랙잉크), 익스클루시브 플러스, 프리미엄 플러스"
hyundai,디 올 뉴 그랜저 하이브리드,2023,2026,1.6 터보 HEV,"아너스, 익스클루시브, 캘리그래피, 캘리그래피(블랙익스테리어), 캘리그래피(블랙잉크), 프리미엄"
hyundai,디 올 뉴 싼타페,2024,2026,"2.5 가솔린 터보 2WD, 2.5 가솔린 터보 AWD","H-Pick, 블랙 익스테리어, 블랙잉크, 익스클루시브, 캘리그래피, 프레스티지"
hyundai,디 올 뉴 싼타페 하이브리드,2024,2026,"1.6 터보 HEV 2WD, 1.6 터보 HEV AWD","H-Pick, 블랙 익스테리어, 블랙잉크, 익스클루시브, 캘리그래피, 프레스티지, 프레스티지 플러스"
hyundai,디 올 뉴 코나,2023,2026,"1.6 가솔린 터보 2WD, 1.6 가솔린 터보 4WD, 2.0 가솔린 2WD","H-Pick, N라인, 모던, 블랙 익스테리어, 인스퍼레이션, 프리미엄"
hyundai,디 올 뉴 코나 일렉트릭,2023,2023,"롱레인지, 스탠다드","인스퍼레이션, 프리미엄"
hyundai,디 올 뉴 코나 하이브리드,2023,2025,1.6 터보 HEV,"H-Pick, N라인, 모던, 블랙 익스테리어, 인스퍼레이션, 프리미엄"
hyundai,디 올 뉴 투싼,2021,2021,"1.6 가솔린 터보 2WD, 1.6 가솔린 터보 AWD, 2.0 디젤 2WD, 2.0 디젤 AWD","N 라인 인스퍼레이션, N 라인 프리미엄, 모던, 인스퍼레이션, 프리미엄"
hyundai,디 올 뉴 투싼 하이브리드,2021,2021,1.6 터보 HEV,"N 라인 인스퍼레이션, N 라인 프리미엄, 모던, 인스퍼레이션, 프리미엄"
hyundai,디 올 뉴 팰리세이드,2025,2025,"2.5 가솔린 터보 2WD 7인승, 2.5 가솔린 터보 2WD 9인승, 2.5 가솔린 터보 4WD 7인승, 2.5 가솔린 터보 4WD 9인승, 2.5 가솔린 터보 HEV 2WD 7인승, 2.5 가솔린 터보 HEV 2WD 9인승, 2.5 가솔린 터보 HEV 4WD 7인승, 2.5 가솔린 터보 HEV 4WD 9인승","익스클루시브, 캘리그래피, 프레스티지"
hyundai,맥스크루즈,2013,2015,"2.2 디젤 2WD, 2.2 디젤 4WD, 3.3 가솔린 2WD, 3.3 가솔린 4WD","익스클루시브, 익스클루시브 스페셜, 수출형"
hyundai,베뉴,2019,2025,1.6,"모던, 모던 플러스, 스마트, 프리미엄, 플럭스"
hyundai,베라크루즈,2006,2015,"3.0 디젤 2WD, 3.0 디젤 4WD, 3.8 가솔린 (수출형), 3.8 가솔린 2WD, 3.8 가솔린 4WD","VX, VX 40주년 스페셜팩, VX 럭셔리, VX 모젠팩, VX 스마트팩, VX 월드컵 스페셜 에디션, VX 프리미어, VXL, VXL 슈프림, VXL 프리미엄"
hyundai,벨로스터,2011,2015,"1.6, 1.6 터보","DCT팩, PYL, PYL DCT팩, 유니크, 익스트림, D 스펙, D 스펙 DCT, D 스펙 TUIX 레이싱, 마멀레이드 스페셜 에디션"
hyundai,벨로스터 N,2018,2021,2.0 터보,"-, 퍼포먼스팩"
hyundai,벨로스터 [JS],2018,2018,"1.4 터보, 1.6 터보","모던, 모던 코어, JBL 익스트림 사운드 에디션, 스포츠, 스포츠 코어, 익스트림 드라이빙 에디션"
hyundai,블루온,2011,2011,EV,-
hyundai,스타리아,2021,2025,"1.6 하이브리드 라운지 7인승 2WD, 1.6 하이브리드 라운지 9인승 2WD, 1.6 하이브리드 라운지 모빌리티 7인승 2WD, 1.6 하이브리드 라운지 모빌리티 9인승 2WD, 1.6 하이브리드 카고 3인승 2WD, 1.6 하이브리드 카고 5인승 2WD, 1.6 하이브리드 투어러 11인승 2WD, 1.6 하이브리드 투어러 9인승 2WD, 2.2 디젤 라운지 7인승 2WD, 2.2 디젤 라운지 7인승 4WD","리무진, 인스퍼레이션, 프레스티지, -, 모던, 스마트, 11인승, 9인승, 14인승, 특장업체"
hyundai,싼타페 더 프라임,2016,2018,"2.0 가솔린 터보 2WD, 2.0 가솔린 터보 4WD, 2.0 디젤 2WD, 2.0 디젤 4WD, 2.2 디젤 2WD, 2.2 디젤 4WD","밸류 플러스, 스마트, 프리미엄, 1 밀리언, 1 밀리언 스타일, 모던, 익스클루시브, 익스클루시브 스페셜, 1 밀리언 얼티밋"
hyundai,싼타페 더스타일,2009,2012,"2.0 디젤 2WD, 2.2 디젤 2WD, 2.2 디젤 4WD, 2.4 가솔린, 2.4 가솔린 (수출형), 2.7 LPi","CLX 디럭스, MLX 디럭스, MLX 럭셔리, MLX 스마트팩, MLX 월드컵 스페셜 에디션, MLX 프리미어, SLX 프리미엄, 프리미어, SLX 탑, 디럭스"
hyundai,싼타페CM,2005,2012,"2.0 디젤 2WD, 2.2 디젤 2WD, 2.2 디젤 4WD, 2.4 가솔린 (수출형), 2.7 LPi","CLX 고급형, CLX 디럭스, CLX 최고급형, MLX 고급형, MLX 기본형, MLX 디럭스, MLX 럭셔리, MLX 스마트팩, MLX 월드컵 스페셜 에디션, MLX 프리미어"
hyundai,싼타페DM,2012,2015,"2.0 디젤 2WD, 2.0 디젤 4WD, 2.2 디젤 2WD, 2.2 디젤 4WD, 3.3 가솔린 4WD (수출형)","모던, 스마트, 익스클루시브, 익스클루시브 스페셜, 프리미엄, -"
hyundai,싼타페TM,2018,2019,"2.0 가솔린 터보 2WD, 2.0 가솔린 터보 4WD, 2.0 디젤 2WD, 2.0 디젤 4WD, 2.2 디젤 2WD, 2.2 디젤 4WD","익스클루시브, 익스클루시브 스페셜, 인스퍼레이션, 프레스티지, 프리미엄, 모던"
hyundai,쏘나타 DN8,2019,2021,"1.6 터보, 2.0, 2.0 LPG (장애인용), 2.0 LPi, 2.0 LPi (렌터카용), 2.5 터보","모던, 스마트, 인스퍼레이션, 프리미엄, 프리미엄 밀레니얼, 프리미엄 패밀리, 프리미엄 플러스, 프리미어 밀레니얼, 스타일, N 라인 더 블랙"
hyundai,쏘나타 뉴 라이즈,2017,2021,"1.6 터보, 1.7 디젤, 2.0, 2.0 LPi, 2.0 LPi (장애인용), 2.0 LPi (택시형), 2.0 터보","마이 시티 에디션, 마이 트립 에디션, 모던, 스마트, 스타일, 프리미엄, 스마트 스페셜, 스마트 초이스, 익스트림 셀렉션, 프리미엄 스페셜"
hyundai,쏘나타 뉴 라이즈 하이브리드,2017,2018,"2.0 HEV, 2.0 PHEV","모던, 스마트, 프리미엄, 프리미엄 스페셜, 익스클루시브"
hyundai,쏘나타 더 브릴리언트,2012,2014,"2.0, 2.0 LPi, 2.0 LPi (장애인용), 2.0 LPi (택시형), 2.0 터보, 구조변경(가솔린)","모던, 블루세이버, 스마트, 스타일, 어트랙션, 프리미엄, 프리미엄 스페셜"
hyundai,쏘나타 디 엣지,2024,2026,"1.6 터보, 2.0, 2.0 LPi, 2.0 LPi (렌터카용), 2.0 LPi (장애인용), 2.5 터보","N 라인, 에스, 익스클루시브, 인스퍼레이션, 프리미엄, 비즈니스1, 비즈니스2"
hyundai,쏘나타 디 엣지 하이브리드,2024,2026,2.0 HEV,"에스, 익스클루시브, 인스퍼레이션, 프리미엄"
hyundai,쏘나타 하이브리드,2011,2015,2.0 HEV,"로얄, 모던, 수출형, 스마트, 프리미어, 프리미엄"
hyundai,쏘나타 하이브리드 [DN8],2019,2021,2.0 HEV,"모던, 스마트, 인스퍼레이션, 프리미엄, 프리미엄 밀레니얼, 프리미엄 패밀리, 프리미엄 플러스"
hyundai,쏠라티,2016,2025,"2.5 디젤 14인승, 2.5 디젤 15인승, 2.5 디젤 16인승, 2.5 디젤 2인승, 2.5 디젤 리무진, 2.5 디젤 투어, 3인승 밴, 냉장밴, 방송중계 스튜디오, 앰뷸런스","디럭스, 럭셔리, 스탠다드, -, 디럭스 3인승, 럭셔리 5인승, 럭셔리 7인승, 15인승, 23인승, 디럭스 10인승"
hyundai,아반떼 LPi 하이브리드,2009,2011,1.6 HDE,"Ⅰ기본형, Ⅰ이지팩, Ⅱ기본형, Ⅲ기본형, Ⅲ어드밴스팩"
hyundai,아반떼 N,2021,2021,2.0 터보,-
hyundai,아반떼 쿠페,2010,2015,"1.8 (수출형), 2.0","-, 스마트, 튜익스 화이트팩, 프리미엄, 프리미엄 튜익스 화이트팩"
hyundai,아반떼AD,2013,2017,"1.6, 1.6 LPi, 1.6 LPi (장애인용), 1.6 디젤, 1.6 터보 스포츠, 2.0","모던, 모던 스페셜, 밸류 플러스, 스마트, 스마트 스페셜, 스타일, 프리미엄, DCT, M/T, 오리지널"
hyundai,아반떼MD,2010,2016,"1.6, 1.6 LPi, 1.6 LPi (장애인용), 1.8 (수출형)","M16 디럭스, M16 럭셔리, M16 모던, M16 블루세이버, M16 스마트, M16 스타일, M16 에비뉴, M16 탑, M16 탑 스마트 팩, M16 프리미어"
hyundai,아슬란,2015,2017,"3.0, 3.3","G300 모던, G300 모던 베이직, G300 모던 스페셜, G300 익스클루시브, G330 모던, G330 익스클루시브, G330 프리미엄"
hyundai,아이오닉 5 N,2024,2024,AWD,-
hyundai,아이오닉 6 N,2026,2026,AWD,-
hyundai,아이오닉 일렉트릭,2016,2018,(전기),"I, N, Q"
hyundai,아이오닉 플러그인,2017,2018,1.6 HEV,"N, Q"
hyundai,아이오닉 하이브리드,2016,2018,1.6 HEV,"I, N, Q, 밸류 플러스"
hyundai,아이오닉5,2021,2023,"롱레인지, 롱레인지 AWD, 스탠다드, 스탠다드 AWD","영업용, 영업용 롱레인지 패키지, 익스클루시브, 프레스티지, E-라이트"
hyundai,아이오닉6,2023,2023,"롱레인지, 롱레인지 AWD, 스탠다드","E-라이트, 익스클루시브, 익스클루시브 플러스, 프레스티지"
hyundai,아이오닉9,2025,2025,"성능형 AWD, 향속형 2WD, 향속형 AWD","6인승 익스클루시브, 6인승 캘리그래피, 6인승 프레스티지, 7인승 익스클루시브, 7인승 캘리그래피, 7인승 프레스티지"
hyundai,엑센트 (신형),2011,2018,"1.4 VVT, 1.4 VVT (장애인용), 1.6, 1.6 디젤, 위트 1.4 VVT, 위트 1.6, 위트 1.6 디젤","럭셔리, 모던, 밸류 플러스, 스마트, 스마트 스페셜, 스타일, 프리미어, 프리미엄, 블루세이버, 탑"
hyundai,엑시언트,2017,2017,"11.5톤 6X4, 14.5톤 6X4, 14톤 6X4, 16톤 6X4, 17톤 6X4, 19.5톤 8X4, 19.5톤 8X4 하이루프캡, 19톤 8X4, 19톤 8X4 하이루프캡, 22톤 6X4","장축, 특초장축, 후3축, 단축, 중축, 초장축, 특장축, 특중축, -, 극초장축"
hyundai,엑시언트 프로,2019,2019,"11.5톤 6X4(410마력), 11.5톤 6X4(430마력), 13톤 6X4, 14.5톤 6X4, 14톤 6X4, 16톤 6X4, 17.5톤 6X4(520마력), 17.5톤 6X4(540마력), 17톤 6X4, 19.5톤 8X4(540마력)","장축, 극초장축, 초장축, 단축, 중축, -"
hyundai,올 뉴 마이티,2015,2022,"10.3톤 일반캡, 2.5톤 내로우캡, 2.5톤 내장탑차, 2.5톤 냉동탑차, 2.5톤 더블캡, 2.5톤 덤프, 2.5톤 슈퍼캡, 2.5톤 이동주유, 2.5톤 일반캡, 2.5톤 특장차","중축고상 골드, 단축고상 하이슈퍼, 장축고상 디럭스, 장축저상 디럭스, -, 장축고상 슈퍼, 장축고상, 장축저상, 장축저상 슈퍼, 단축고상 슈퍼"
hyundai,올 뉴 아반떼 [CN7],2021,2021,"1.6, 1.6 LPi, 1.6 LPi (렌터카용), 1.6 LPi (장애인용), 1.6 터보","모던, 스마트, 인스퍼레이션, 스타일, N 라인 모던, N 라인 스포츠, N 라인 인스퍼레이션"
hyundai,올 뉴 아반떼 하이브리드 [CN7],2021,2021,1.6 HEV,"모던, 스마트, 인스퍼레이션"
hyundai,올 뉴 투싼,2016,2020,"1.6 가솔린 터보 2WD, 1.6 가솔린 터보 4WD, 1.6 디젤 2WD, 1.6 디젤 4WD, 1.7 디젤 2WD, 2.0 가솔린 2WD (수출형), 2.0 디젤 2WD, 2.0 디젤 4WD","모던, 모던 초이스, 모던 피버, 베스트 초이스, 스마트, 스타일, 스타일 피버, 얼티밋 에디션, 인스퍼레이션, 프리미엄"
hyundai,유니버스,2008,2012,"CNG, 리무진, 스페이스, 익스프레스, 캠핑카","럭셔리, 엘레강스, 프라임, 25인승, 노블, 노블 우등, 컴포트, 클래식, -"
hyundai,제네시스,2008,2013,"4.6 (수출형), BH330, BH380, BH380 (수출형), GP380, GP500","-, 그랜드, 그랜드 프라임팩, 럭셔리, 럭셔리 VIP팩, 럭셔리 프라임팩, 모던, 모던 스페셜, 프리미엄, 프리미엄 다이나믹 에디션"
hyundai,제네시스 DH,2013,2015,"3.8 (수출형), 3.8 AWD (수출형), 5.0 (수출형), 5.0 AWD (수출형), G330, G330 AWD, G380, G380 AWD","-, 모던, 프리미엄, 익스클루시브, 파이니스트 에디션, 프레스티지"
hyundai,제네시스 쿠페,2008,2011,"2.0 터보, 2.0 터보 (수출형), 3.8","D, P, R, RW, -, GT P, GT R, GT RW"
hyundai,캐스퍼,2021,2022,"1.0, 1.0 밴, 1.0 터보, 1.0 터보 밴","디 에센셜, 모던, 스마트, 인스퍼레이션"
hyundai,캐스퍼 일렉트릭,2026,2026,(EV),"인스퍼레이션, 크로스, 프리미엄"
hyundai,코나,2017,2020,"1.6 가솔린 터보 2WD, 1.6 가솔린 터보 4WD, 1.6 디젤 2WD, 1.6 디젤 4WD","모던, 모던 아트, 모던 초이스, 모던 테크, 모던 팝, 스마트, 아이언맨 에디션, 프리미엄, 플럭스 모던, 플럭스 프리미엄"
hyundai,코나 N,2021,2021,2.0 가솔린 터보,-
hyundai,코나 일렉트릭,2018,2018,2WD,"모던, 프리미엄"
hyundai,코나 하이브리드,2020,2020,1.6 HEV 2WD,"모던 스페셜, 스마트 스페셜, 프리미엄 스페셜"
hyundai,투싼ix,2010,2013,"2.0 가솔린, 2.0 디젤 2WD, 2.0 디젤 4WD, 2.4 (수출형)","LMX20 프리미엄, LX20 럭셔리, LX20 프리미어, X20 워너비, LX20 모던, LX20 스마트팩, LX20 월드컵 스페셜 에디션, X20 디럭스, X20 럭셔리, X20 스마트"
hyundai,트라고,2009,2012,"11.5톤 6X4, 14톤 6X4, 15톤 6X4, 16.5톤 6X4, 16.5톤 특장샤시 6X4, 16톤 6X4, 17.5톤 특장샤시 8X4, 17톤 6X4, 18톤 6X4, 19.5톤 8X4","장축 프로, 특초장축 프로, 중축 프로, 특중축 프로, 초단축 프로, 중축, 초장축, 특단축, 특단축 프로, 단축"
hyundai,트라고 엑시언트,2013,2015,"11.5톤 6X4, 14톤 6X4, 15톤 6X4, 16톤 6X4, 16톤 후3축 6X4, 17톤 6X4, 17톤 후3축 6X4(400), 17톤 후3축 6X4(420), 17톤 후3축 6X4(440), 19.5톤 8X4","장축 (400), 장축 (410), 장축, 특초장축, 특초장축 골드, 중축, 단축, 초장축, 특중축, 단축 일반캡"
hyundai,파비스,2020,2020,"15.5톤 샤시캡, 17톤 샤시캡, 5.5톤, 8.5톤, 8톤, 고소작업차, 급수차, 내장탑차, 냉동탑차, 덤프","극초장축 프레스티지 플러스, 극초장축 프레스티지 플러스 8.3, 극초장축 프리미엄 플러스, 극초장축 프리미엄 플러스 8.3, 단축 프레스티지, 단축 프리미엄, 장축 프레스티지, 장축 프리미엄, 극초장축 프레스티지 플러스 8.9, 극초장축 프레스티지 플러스 9.3"
hyundai,팰리세이드,2019,2021,"2.2 디젤 2WD, 2.2 디젤 4WD, 3.8 가솔린 2WD, 3.8 가솔린 4WD","VIP, 익스클루시브, 캘리그래피, 프레스티지"
hyundai,포레스트,2020,2020,2.5 디젤 캠핑카,"디럭스, 스탠다드, 엔트리"
hyundai,포터2,2007,2024,"CRDi 더블캡, CRDi 더블캡 4WD, CRDi 슈퍼캡, CRDi 슈퍼캡 4WD, CRDi 일반캡, CRDi 일반캡 4WD, LPG 더블캡, LPG 슈퍼캡, TCi 더블캡, TCi 슈퍼캡","장축 SUP 고급형, 장축 SUP 기본형, 장축 SUP 일반형, 장축 스마트, 장축 하이-SUP 고급형, 장축 하이-SUP 기본형, 장축 하이-SUP 최고급형, 초장축 SUP 고급형, 초장축 SUP 기본형, 초장축 SUP 일반형"
hyundai,포터2 일렉트릭,2020,2020,"내장탑차, 슈퍼캡, 윙바디, 파워게이트","-, 초장축 스마트 스페셜 (19년~현재), 초장축 프리미엄 스페셜 (19년~현재)"
kgm,G4 렉스턴,2017,2020,"2.2 디젤 2WD 5인승, 2.2 디젤 2WD 7인승, 2.2 디젤 4WD 5인승, 2.2 디젤 4WD 7인승","럭셔리, 마제스티, 마제스티 스페셜, 유라시아 에디션, 프라임, 헤리티지, 헤리티지 스페셜, 화이트 에디션"
kgm,뉴 로디우스,2007,2011,"2.7 디젤 2WD 11인승, 2.7 디젤 2WD 9인승, 2.7 디젤 4WD 11인승","RD400, RD400 EZ 스페셜, RD400 고급형, RD400 최고급형, RD500, RD500 EZ 스페셜, RD500 최고급형, 플래티넘"
kgm,뉴 스타일 코란도 C,2017,2018,"2.2 디젤 2WD, 2.2 디젤 4WD","DX, KX, RX, RX 고급형, RX 최고급형, 익스트림, 익스트림 스포츠"
kgm,뉴 체어맨W,2011,2016,"3.2, 3.2 AWD, 3.6, 3.6 AWD, 5.0","CW600 SVIP, CW600 럭셔리, CW600 프레스티지, CW600 VIP, CW700 VIP, CW700 VVIP, CW700 럭셔리, CW700 리무진, CW700 보우 에디션, CW700 이그제큐티브"
kgm,뉴 코란도 C,2014,2016,"2.0 디젤 2WD, 2.0 디젤 4WD, 2.2 디젤 2WD, 2.2 디젤 4WD","CVS 고급형, CVS 최고급형, CVT 고급형, CVT 최고급형, CVX 고급형, CVX 최고급형, DX, KX, RX 고급형, RX 최고급형"
kgm,뉴카이런,2006,2011,"2.0 디젤 2WD 5인승, 2.0 디젤 2WD 7인승, 2.0 디젤 4WD 5인승, 2.0 디젤 4WD 7인승, 2.7 디젤 2WD 7인승, 2.7 디젤 4WD 7인승, 2.7 디젤 AWD 7인승","LV5, LV6, LV6 브라운 에디션, 최고급형, EV5 고급형, LV5 고급형, LV5 최고급형, LV7, LV7 고급형, LV7 최고급형"
kgm,더 뉴 렉스턴 스포츠,2021,2022,"2.2 디젤 2WD, 2.2 디젤 2WD 쿨멘, 2.2 디젤 4WD, 2.2 디젤 4WD 쿨멘","노블레스, 와일드, 익스페디션, 프레스티지, 와일드 쿨멘"
kgm,더 뉴 렉스턴 스포츠 칸,2021,2024,"2.2 디젤 2WD, 2.2 디젤 2WD 쿨멘, 2.2 디젤 4WD, 2.2 디젤 4WD 쿨멘","노블레스, 와일드, 익스페디션, 프레스티지, (특장) 더블캡, (특장) 싱글캡, 쿨멘 노블레스"
kgm,더 뉴 코란도 스포츠,2017,2017,"2.2 디젤 2WD, 2.2 디젤 4WD","CX5 에코, CX5 클럽, CX5 패션, CX7 매니아, CX7 비전, CX7 클럽, CX7 패션, 삼바 에디션, 익스트림"
kgm,더 뉴 토레스,2024,2025,"1.5 가솔린 2WD, 1.5 가솔린 4WD, 1.5 가솔린 밴 2WD, 1.5 가솔린 밴 4WD, 1.5 가솔린 하이브리드, 1.5 바이퓨얼 2WD, 1.5 바이퓨얼 4WD","T5, T7, 블랙 에디션, 블랙 엣지, TV5, TV7, 블랙엣지, (택시형), TL5, TL7"
kgm,더 뉴 티볼리,2024,2025,"1.5 가솔린 바이퓨얼 2WD, 1.5 가솔린 바이퓨얼 4WD, 1.5 가솔린 터보 2WD, 1.5 가솔린 터보 4WD, 1.6 가솔린 2WD","V5, V7, V1, V3"
kgm,더 뉴 티볼리 에어,2024,2024,1.5 가솔린 터보 2WD,"A5, A7"
kgm,렉스턴 뉴 아레나,2023,2023,"2.2 디젤 2WD, 2.2 디젤 4WD","프리미엄, 노블레스, 더 블랙"
kgm,렉스턴 스포츠,2018,2020,"2.2 디젤 2WD, 2.2 디젤 4WD","노블레스, 어드벤처, 와일드, 프레스티지, 프레스티지 스페셜, 다이내믹 에디션, 캠핑카"
kgm,렉스턴 스포츠 칸,2019,2020,"2.2 디젤 2WD, 2.2 디젤 4WD","5링크 노블레스, 5링크 프레스티지, 5링크 프레스티지 스페셜, 5링크 프로페셔널 S, 5링크 프로페셔널 X, 파워 리프 노블레스, 파워 리프 와일드, 파워 리프 파이오니어 S, 파워 리프 파이오니어 X, 파워 리프 프레스티지"
kgm,렉스턴W,2013,2016,"2.0 디젤 2WD, 2.0 디젤 4WD, 2.2 디젤 2WD, 2.2 디젤 4WD","RX5 디럭스, RX7 디럭스, RX7 럭셔리, RX7 브라운 스페셜, RX7 프레스티지, RX7 마니아, 노블레스, 어드벤처 60주년 에디션"
kgm,로디우스 유로,2012,2012,"2.0 디젤 2WD, 2.0 디젤 4WD","RD400, RD500, 플래티넘"
kgm,무쏘,1993,2026,"2.0 가솔린, 2.3 가솔린, 2.3 디젤, 2.9 디젤, 2.9 디젤 터보인터쿨러, 3.2 가솔린, 가솔린 터보 2.0, 가솔린 터보 2.0(롱 데크), 디젤 2.2, 디젤 2.2(롱 데크)","2000, 2000 프레스티지, 2300, 2300 프레스티지, 601, 602 EL, 602 프레스티지, -, 프레스티지, EX"
kgm,무쏘 EV,2025,2025,"2WD, 4WD","MX, 블랙 엣지, 스페셜 에디션"
kgm,무쏘 스포츠,2002,2025,"2.2 디젤 2WD, 2.2 디젤 4WD, 2.9 디젤 2WD, 2.9 디젤 4WD","스페셜 에디션, 와일드, 프레스티지, 프레스티지 블랙엣지, 290S CT 고급형, 290S CT 기본형, 290S CT 최고급형, FX5 CT 고급형, FX5 CT 일반형, FX5 CT 최고급형"
kgm,무쏘 칸,2025,2025,"2.2 디젤 2WD, 2.2 디젤 4WD","스페셜 에디션, 와일드, 프레스티지, 프레스티지 블랙엣지"
kgm,베리 뉴 티볼리,2019,2022,"1.5 가솔린 2WD, 1.5 가솔린 4WD, 1.6 디젤 2WD, 1.6 디젤 4WD","R-PLUS, V1, V3, V3 스페셜, V5, V7, 리미티드 에디션, 업비트"
kgm,뷰티풀 코란도,2019,2022,"1.5 가솔린 2WD, 1.5 가솔린 4WD, 1.6 디젤 2WD, 1.6 디젤 4WD","C3, C3 플러스, C5, C5 프라임, C5 플러스, C7, R-플러스, 딜라이트, 딜라이트 플러스, 샤이니"
kgm,슈퍼 렉스턴,2008,2012,"2.0 디젤 2WD, 2.0 디젤 4WD, 2.7 디젤 2WD, 2.7 디젤 4WD, 2.7 디젤 AWD","RX4 고급형, RX4 브라운, RX4 최고급형, RX5 고급형, RX6 고급형, RX6 최고급형, RX6 브라운 스페셜, RX6 브라운 에디션, RX7, RX7 AWD 브라운 에디션"
kgm,액티언 2세대,2025,2025,"1.5 HEV 2WD, 1.5 가솔린 2WD, 1.5 가솔린 AWD, 1.5 바이퓨얼 2WD, 1.5 바이퓨얼 AWD","S8 하이브리드, S7, S8, S9"
kgm,올 뉴 렉스턴,2021,2021,"2.2 디젤 2WD, 2.2 디젤 4WD","럭셔리, 프레스티지, 더 블랙, 마스터, 시그니처"
kgm,체어맨H 뉴 클래식,2011,2014,"2.8, 3.2","500S VIP, 500S 고급형, 500S 브라운 에디션, 500S 최고급형, 600S VIP, 600S 브라운 에디션, 600S 최고급형"
kgm,코란도 C,2010,2013,"2.0 디젤 2WD, 2.0 디젤 4WD","시크, 시크 K룩, 시크 리미티드, 시크 비트, 시크 쿨, 클래시, 클래시 럭셔리, 클래시 컴포트, 클러비, 클러비 K룩"
kgm,코란도 EV,2024,2024,"E3, E5, 택시형",-
kgm,코란도 스포츠,2014,2015,"2.0 디젤 2WD, 2.0 디젤 4WD, 캠핑카","CX5 에코, CX5 클럽, CX5 패션, CX7 레저, CX7 매니아, CX7 비전, CX7 클럽, CX7 패션, 어드벤처 60th 에디션, 익스트림"
kgm,코란도 이모션,2022,2022,EV,"E3, E5"
kgm,코란도 투리스모,2014,2018,"2.0 디젤 2WD, 2.0 디젤 4WD, 2.2 디젤 2WD, 2.2 디젤 4WD","GT 11인승, GT 9인승, LT 11인승, LT 9인승, RT 11인승, RT 9인승, 익스트림 11인승, 익스트림 9인승, 샤토 11인승, 샤토 9인승"
kgm,토레스,2023,2024,"1.5 가솔린 2WD, 1.5 가솔린 4WD, 1.5 가솔린 밴 2WD, 1.5 가솔린 밴 4WD, 1.5 바이퓨얼 2WD, 1.5 바이퓨얼 4WD","T5, T7, TX, 블랙 에디션, TV5, TV7, TL5, TL7"
kgm,토레스 EVX,2024,2024,2WD,"E5, E7"
kgm,티볼리,2015,2017,"1.6 가솔린 2WD, 1.6 가솔린 4WD, 1.6 디젤 2WD, 1.6 디젤 4WD","LX, LX 고급형, LX 최고급형, TX, TX 스타일, VX, 삼바 에디션, 엣지 에디션"
kgm,티볼리 아머,2017,2019,"1.6 가솔린 2WD, 1.6 가솔린 4WD, 1.6 디젤 2WD, 1.6 디젤 4WD","LX, TX, VX, 기어 II 드라이빙 기어, 기어 II 스타일링 기어, 기어 에디션, 기어 플러스, 기어 플러스 I, 기어 플러스 II"
kgm,티볼리 에어,2016,2022,"1.5 가솔린 2WD, 1.6 가솔린 2WD, 1.6 가솔린 4WD, 1.6 디젤 2WD, 1.6 디젤 4WD","A1, A3, 업비트, AX, IX, RX"
kia,EV3,2024,2026,"GT, 롱레인지, 롱레인지 4WD, 스탠다드","-, GT 라인, 어스, 에어"
kia,EV4,2025,2026,"GT, 롱레인지, 롱레인지 4WD, 스탠다드","-, GT-라인, 어스, 에어, GT 라인"
kia,EV5,2025,2026,"2WD 롱 레인지, 2WD 스탠다드, 4WD 롱레인지, GT","GT-라인, 어스, 에어, GT라인, GT 라인, -"
kia,EV6,2022,2023,"GT AWD, 롱 레인지 2WD, 롱 레인지 AWD, 스탠다드 2WD, 스탠다드 AWD","-, GT 라인, 라이트, 어스, 에어"
kia,EV9,2024,2025,"GT 4WD, GT 라인 4WD, 어스, 어스 4WD, 에어, 에어 4WD","-, 롱레인지 6인승, 롱레인지 7인승, 6인승, 7인승, 스탠다드 6인승, 스탠다드 7인승"
kia,K3,2013,2015,"1.6, 1.6 디젤, 유로 1.6","W 스페셜, 노블레스, 디럭스, 럭셔리, 럭셔리 에코플러스, 에코 플러스, 트렌디, 프레스티지, 럭셔리 트렌디"
kia,K3 쿱,2014,2015,"1.6, 1.6 터보","럭셔리, 프레스티지, 노블레스, 트렌디"
kia,K5,2010,2014,"2.0, 2.0 LPi, 2.0 LPi (장애인용), 2.0 LPi (택시형), 2.0 터보, 2.4, 구조변경 (가솔린)","노블레스, 디럭스, 럭셔리, 스마트, 스마트 스페셜, 트렌디, 프레스티지, 프레스티지 브라운, 프레스티지 에코플러스, 옵티마 (수출형)"
kia,K5 2세대,2016,2018,"1.6 터보, 1.7 디젤, 2.0, 2.0 LPi, 2.0 LPi (장애인용), 2.0 LPi (택시형), 2.0 터보","SX GT 라인, SX 노블레스, SX 노블레스 스페셜, SX 럭셔리, SX 스페셜 에디션, SX 프레스티지, MX 노블레스, MX 노블레스 스페셜, MX 디럭스, MX 럭셔리"
kia,K5 3세대,2020,2022,"1.6 터보, 2.0, 2.0 LPi, 2.0 LPi (렌터카용), 2.0 LPi (장애인용)","노블레스, 시그니처, 트렌디, 프레스티지, 스탠다드"
kia,K5 하이브리드,2011,2015,"2.0 HEV, 2.4 HEV","500H 노블레스, 500H 럭셔리, 500H 프레스티지, 노블레스, 디럭스, 럭셔리, 프레스티지, 옵티마 (수출형)"
kia,K5 하이브리드 2세대,2016,2018,"2.0 HEV, 2.0 PHEV","노블레스, 노블레스 스페셜, 프레스티지"
kia,K5 하이브리드 3세대,2020,2020,2.0 HEV,"노블레스, 시그니처, 트렌디, 프레스티지"
kia,K7,2010,2011,"2.4, 2.7, 3.5, 3.5 카덴자 (수출형), VG270 LPI, 구조변경(가솔린)","디럭스, 디럭스 스페셜, 럭셔리, 럭셔리 프리미엄, 프레스티지, 프레스티지 프리미엄, 노블레스, 노블레스 프리미엄, -"
kia,K7 프리미어,2020,2021,"2.2 디젤, 2.5, 3.0, 3.0 LPi, 3.0 LPi (렌터카용), 3.0 LPi (장애인용), 3.0 LPi (택시형)","노블레스, 프레스티지, X 에디션, 시그니처, 스탠다드, 트렌디"
kia,K7 프리미어 하이브리드,2020,2020,2.4 HEV,"노블레스, 시그니처, 프레스티지"
kia,K7 하이브리드,2013,2016,2.4 HEV,"700h 럭셔리, 700h 프레스티지"
kia,K8,2021,2023,"2.5, 3.5, 3.5 AWD, 3.5 LPi, 3.5 LPi (렌터카용), 3.5 LPi (장애인용), 3.5 LPi (택시형)","노블레스, 노블레스 라이트, 시그니처, 시그니처 스페셜, 플래티넘, 프레스티지, 스탠다드, 트렌디"
kia,K8 하이브리드,2021,2023,1.6 터보 HEV,"노블레스, 노블레스 라이트, 시그니처, 시그니처 스페셜"
kia,K9,2012,2014,"3.3, 3.8","RVIP, 노블레스, 노블레스 스페셜, 이그제큐티브, 프레스티지, 프레스티지 스페셜, VIP, 프레지던트"
kia,PV5,2025,2026,"WAV, 오픈베드, 카고 롱, 패신저","베이직, 택시, 베이직 롱레인지, 베이직 스탠다드, 플러스 롱레인지, 플러스 스탠다드, 플러스"
kia,뉴 그랜버드,2011,2016,"그린필드(390마력), 그린필드(430마력), 그린필드(440마력), 블루스카이(390마력), 블루스카이(430마력), 블루스카이(440마력), 슈퍼 프리미엄 그린필드(440마력), 슈퍼 프리미엄 블루스카이(440마력), 슈퍼 프리미엄 실크로드(440마력), 슈퍼 프리미엄 썬샤인(440마력)","47인승 자가용, 캠핑카, 29인승 스탠다드데크 우등고속, 47인승 스탠다드데크 자가용, 29인승 하이데크 우등고속, 47인승 하이데크 자가용, 29인승 우등고속, -, 22인승 우등고속, 23인승 자가용"
kia,뉴 쏘렌토R,2013,2014,"2.0 디젤 2WD, 2.0 디젤 4WD, 2.2 디젤 2WD, 2.2 디젤 4WD","LX, TLX, TLX 스페셜, 노블레스, 럭셔리, 리미티드, 리미티드 스페셜, 트렌디, 프레스티지"
kia,뉴 카니발 R,2010,2014,"2.2 디젤, 2.2 디젤 리무진, 2.7 LPi, 3.5 가솔린 리무진","GLX, GLX 최고급형, GX, 프레지던트"
kia,뉴 페이스 카렌스,2008,2013,"2.0 LPi, 2.0 가솔린, 2.0 디젤","GLX 고급형, GLX 고급형 패밀리팩, GLX 최고급형, GLX 최고급형 패밀리팩, GLX 프리미엄, GX 고급형, GX 최고급형, GX 최고급형 패밀리, 리미티드, 비지니스"
kia,뉴모닝,2008,2011,"1.0, 1.0 LPi, 1.0 밴","L, LX 고급형, LX 고급형 블랙프리미엄, LX 기본형, LX 기본형 블랙프리미엄, LX 스페셜, SLX 고급형, SLX 고급형 블랙 프리미엄, SLX 뷰티, SLX 뷰티 블랙 프리미엄"
kia,니로,2016,2018,"1.6 HEV, 1.6 PHEV","노블레스, 럭셔리, 프레스티지"
kia,니로 EV,2018,2021,(전기),"노블레스, 프레스티지"
kia,니로 플러스,2023,2023,"(전기), (전기) 택시형","어스, 에어, 라이트"
kia,더 K9,2018,2021,"3.3, 3.3 AWD, 3.3 터보, 3.3 터보 AWD, 3.8, 3.8 AWD, 5.0 AWD","-, 마스터즈, 마스터즈Ⅱ, 그랜드 마스터즈, 마스터즈Ⅲ, 베스트 셀렉션Ⅱ, 플래티넘, 플래티넘Ⅰ, 플래티넘Ⅱ, 그랜드 플래티넘"
kia,더 뉴 EV6,2025,2026,"GT AWD, 롱레인지 2WD, 롱레인지 4WD, 스탠다드 2WD","-, GT 라인, 라이트, 어스, 에어"
kia,더 뉴 K3,2016,2018,"1.6, 1.6 디젤, 유로 1.6","노블레스, 디럭스, 트렌디, 트렌디 A, 트렌디 C, 트렌디 E, 트렌디 스타일, 프레스티지, 프레스티지 스페셜"
kia,더 뉴 K3 [2세대],2022,2022,"1.6, 1.6 터보 GT 5도어","노블레스, 시그니처, 트렌디, 프레스티지"
kia,더 뉴 K3 쿱,2016,2017,"1.6, 1.6 터보","럭셔리, 프레스티지, 노블레스"
kia,더 뉴 K5,2013,2015,"2.0, 2.0 LPi, 2.0 LPi (장애인용), 2.0 LPi (택시형), 2.0 터보, 구조변경 (가솔린)","W 스페셜, 노블레스, 디럭스, 럭셔리, 럭셔리 스페셜, 럭셔리 트렌디, 스페셜, 에코플러스 프레스티지, 트렌디, 프레스티지"
kia,더 뉴 K5 2세대,2019,2020,"1.6 터보, 1.7 디젤, 2.0, 2.0 LPi, 2.0 LPi (렌터카용), 2.0 LPi (장애인용), 2.0 LPi (택시형)","노블레스, 노블레스 스페셜, 프레스티지, 럭셔리, 월드컵 에디션, 인텔리전트, 디럭스"
kia,더 뉴 K5 3세대,2024,2026,"1.6 터보, 2.0, 2.0 LPG, 2.0 LPG (렌터카용), 2.0 LPG (장애인용)","노블레스, 베스트 셀렉션, 시그니처, 프레스티지, 스마트 셀렉션, 트렌디"
kia,더 뉴 K5 하이브리드 2세대,2019,2020,2.0 HEV,"노블레스, 노블레스 스페셜, 프레스티지"
kia,더 뉴 K5 하이브리드 3세대,2024,2026,2.0 HEV,"노블레스, 베스트 셀렉션, 시그니처, 프레스티지"
kia,더 뉴 K7,2013,2016,"2.4, 3.0, 3.0 LPi, 3.0 LPi (택시형), 3.0 구조변경(가솔린), 3.3","기본형, 프레스티지, 프레스티지 스페셜, 럭셔리, 디럭스, 노블레스"
kia,더 뉴 K8,2024,2026,"2.5, 3.5, 3.5 AWD, 3.5 LPG, 3.5 LPG (렌터카용), 3.5 LPG (장애인용), 3.5 LPG (택시형)","노블레스, 노블레스 라이트, 베스트 셀렉션, 시그니처, 시그니처 블랙, 프레스티지"
kia,더 뉴 K8 하이브리드,2026,2026,1.6 터보 HEV,"노블레스, 노블레스 라이트, 베스트 셀렉션, 시그니처, 시그니처 블랙"
kia,더 뉴 K9,2015,2018,"3.3, 3.8, 5.0, 5.0 (수출형)","이그제큐티브, 프레스티지, VIP, 노블레스, 퀀텀, -"
kia,더 뉴 K9 [RJ],2022,2022,"3.3, 3.3 AWD, 3.3 터보, 3.3 터보 AWD, 3.8, 3.8 AWD","플래티넘, 마스터즈, 베스트 셀렉션 I, 베스트 셀렉션 II"
kia,더 뉴 기아 레이,2023,2026,"1.0, 1.0 1인승 밴, 1.0 밴","X-Line, 그래비티, 스탠다드, 시그니처, 트렌디, 프레스티지, 프레스티지 스페셜"
kia,더 뉴 기아 레이 EV,2024,2026,"(전기), 1인승 밴, 2인승 밴","라이트, 에어"
kia,더 뉴 니로,2019,2022,"1.6 HEV, 1.6 PHEV","노블레스, 노블레스 스페셜, 럭셔리, 시그니처, 트렌디, 프레스티지"
kia,더 뉴 레이,2018,2022,"1.0, 1.0 1인승 밴, 1.0 LPi, 1.0 밴","디럭스, 럭셔리, 스탠다드, 시그니처, 캠핑카, 트렌디, 프레스티지, 프레스티지 베스트셀렉션, 프레스티지 스페셜, -"
kia,더 뉴 모닝,2015,2015,"1.0, 1.0 바이퓨얼, 1.0 밴, 1.0 터보","디럭스, 럭셔리, 스마트, 스포츠 런 하이, 스프츠 런, -, 고급형"
kia,더 뉴 모닝 [JA],2024,2025,"1.0, 1.0 밴","GT-Line, 시그니처, 트렌디, 프레스티지"
kia,더 뉴 모하비,2016,2019,"3.0 디젤 2WD, 3.0 디젤 4WD, 3.0 디젤 AWD","노블레스, VIP, 프레지던트"
kia,더 뉴 봉고3,2019,2024,"1.2톤 킹캡, 1.2톤 표준캡, LPi 더블캡, LPi 킹캡, LPi 표준캡, 내장 탑차, 냉동 탑차, 냉온장 탑차, 다용도 탑차, 더블캡","GL, GLS, 초장축 GL, 초장축 GLS, 초장축 L, 초장축 L 라이트, 1.2톤 플러스형, 1톤 LPi 표준형, 1톤 LPi 플러스형, 1톤 상승 내장탑차"
kia,더 뉴 셀토스,2023,2025,"1.6 가솔린 터보 2WD, 1.6 가솔린 터보 4WD, 2.0 가솔린 2WD, 2.0 가솔린 4WD","X-Line, 그래비티, 시그니처, 트렌디, 프레스티지"
kia,더 뉴 스포티지,2025,2025,"1.6 터보 2WD, 1.6 터보 4WD, 2.0 LPG 2WD","X-라인, 노블레스, 시그니처, 프레스티지"
kia,더 뉴 스포티지 하이브리드,2025,2025,"1.6 터보 HEV 2WD, 1.6 터보 HEV 4WD","X-라인, 노블레스, 시그니처, 프레스티지"
kia,더 뉴 스포티지R,2014,2015,"2.0 가솔린 터보 2WD, 2.0 디젤 2WD, 2.0 디젤 4WD","럭셔리, 럭셔리 트렌디, 에이스, 트렌디, W 스페셜, 노블레스, 프레스티지"
kia,더 뉴 쏘렌토,2018,2020,"2.0 가솔린 터보 2WD, 2.0 가솔린 터보 4WD, 2.0 디젤 2WD, 2.0 디젤 4WD, 2.2 디젤 2WD, 2.2 디젤 4WD","노블레스, 마스터 스페셜, 프레스티지, 노블레스 스페셜, 럭셔리, 마스터, No.1 에디션"
kia,더 뉴 쏘렌토 4세대,2024,2026,"2.2 디젤 2WD, 2.2 디젤 4WD, 2.5 가솔린 터보 2WD, 2.5 가솔린 터보 4WD","X-Line, 그래비티, 노블레스, 시그니처, 프레스티지"
kia,더 뉴 쏘렌토 4세대 하이브리드,2024,2026,"1.6 HEV 2WD, 1.6 HEV 4WD","X-Line, 그래비티, 노블레스, 시그니처, 프레스티지"
kia,더 뉴 쏘울,2017,2017,"1.6, 1.6 디젤","노블레스, 트렌디, 프레스티지, 노블레스 스페셜"
kia,더 뉴 카니발,2018,2020,"2.2 디젤 11인승, 2.2 디젤 11인승 하이리무진, 2.2 디젤 7인승, 2.2 디젤 7인승 리무진, 2.2 디젤 7인승 하이리무진, 2.2 디젤 9인승, 2.2 디젤 9인승 아웃도어, 2.2 디젤 9인승 하이리무진, 2.2 디젤 하이리무진 (특장업체), 3.3 가솔린 11인승","디럭스, 프레스티지, VIP, 프레지던트, 노블레스, 노블레스 스페셜, 럭셔리, 프레스티지 하이루프, 하이루프 특장차, -"
kia,더 뉴 카니발 4세대,2024,2026,"1.6 터보 HEV 4인승 하이리무진, 1.6 터보 HEV 7인승, 1.6 터보 HEV 7인승 하이리무진, 1.6 터보 HEV 9인승, 1.6 터보 HEV 9인승 하이리무진, 1.6 터보 HEV 하이리무진 (특장업체), 2.2 디젤 7인승, 2.2 디젤 9인승, 2.2 디젤 9인승 하이리무진, 2.2 디젤 하이리무진 (특장업체)","시그니처, X-Line, 그래비티, 노블레스, 아웃도어, 프레스티지, -"
kia,더 뉴 카렌스,2017,2017,"1.7 디젤, 2.0 LPi","프레스티지, 디럭스, 럭셔리"
kia,더 뉴 프라이드,2011,2015,"1.4, 1.4 5도어, 1.4 디젤 5도어, 1.6, 1.6 5도어","도로연수용, 디럭스, 스마트, 트렌디, 럭셔리, 프레스티지"
kia,더 프레스티지 K7,2011,2013,"2.4, 3.0, 3.0 LPi, 3.0 구조변경(가솔린), 3.3","디럭스, 럭셔리, 프레스티지, 노블레스"
kia,디 올 뉴 니로,2022,2025,1.6 HEV,"베스트 셀렉션, 시그니처, 트렌디, 프레스티지"
kia,디 올 뉴 니로 EV,2023,2023,(전기),"어스, 에어"
kia,디 올 뉴 셀토스,2026,2026,"1.6 가솔린 터보 2WD, 1.6 가솔린 터보 4WD, 1.6 가솔린 하이브리드","X-Line, 시그니처, 트렌디, 프레스티지"
kia,디 올 뉴 스포티지,2022,2023,"1.6 터보 2WD, 1.6 터보 4WD, 2.0 LPG 2WD, 2.0 디젤 2WD, 2.0 디젤 4WD","노블레스, 노블레스 그래비티, 시그니처, 시그니처 그래비티, 트렌디, 프레스티지"
kia,디 올 뉴 스포티지 하이브리드,2022,2022,1.6 터보 HEV,"노블레스, 노블레스 그래비티, 시그니처, 시그니처 그래비티, 프레스티지"
kia,레이,2012,2015,"1.0, 1.0 바이퓨얼, 1.0 밴, 1.0 터보, EV","디럭스, 디럭스 스페셜, 럭셔리, 럭셔리 에코플러스, 프레스티지, 프레스티지 에코 다이나믹스, 프레스티지 에코플러스, 고급형, 기본형, -"
kia,모닝 어반,2020,2020,"1.0, 1.0 밴","스탠다드, 스탠다드 마이너스, 시그니처, 시그니처 엣지-업, 프레스티지, 프레스티지 베스트 셀렉션, -, 스페셜"
kia,모하비,2008,2014,"3.0 디젤 2WD, 3.0 디젤 4WD, 3.8 가솔린 2WD, 4.6 가솔린 (수출형), 4.6 가솔린 4WD","JV300, JV300 고급형, JV300 에센스팩, JV300 최고급형, KV300, KV300 고급형, KV300 최고급형, QV300, QV300 고급형, QV300 최고급형"
kia,모하비 더 마스터,2020,2023,"3.0 디젤 4WD 5인승, 3.0 디젤 4WD 6인승, 3.0 디젤 4WD 7인승","마스터즈, 마스터즈 그래비티, 플래티넘"
kia,봉고3,2003,2019,"1.2톤 냉동탑차, 1.2톤 냉장탑차, 1.2톤 킹캡, 1.2톤 표준캡, 1.4톤 내장탑차, 1.4톤 냉동탑차, 12인승, 15인승, 3인승 밴, 6인승 밴","-, 초장축 GL, 초장축 GLS, 초장축 GLX, 초장축 노블레스, 초장축 리미티드, 초장축 프레스티지, 장축 리미티드, LTD, LTD 고급형"
kia,봉고3 EV,2020,2020,"내장탑차, 냉동탑차, 윙바디, 킹캡, 파워게이트","-, 초장축 GL, 초장축 GLS"
kia,셀토스,2019,2021,"1.6 가솔린 터보 2WD, 1.6 가솔린 터보 4WD, 1.6 디젤 2WD, 1.6 디젤 4WD","그래비티, 노블레스, 시그니처, 트렌디, 프레스티지"
kia,스토닉,2017,2019,"1.0 터보, 1.4 가솔린, 1.6 디젤","트렌디, 프레스티지, 디럭스"
kia,스팅어,2017,2020,"2.0 터보, 2.0 터보 AWD, 2.2 디젤, 2.2 디젤 AWD, 3.3 터보, 3.3 터보 AWD","드림 에디션, 알칸타라 에디션, 익스트림 팩, 프라임, 플래티넘, 프라임 라이트, GT, 마스터즈"
kia,스팅어 마이스터,2021,2022,"2.5 터보, 2.5 터보 AWD, 3.3 터보, 3.3 터보 AWD","마스터즈, 마스터즈 아크로 에디션, 플래티넘, GT, GT 마스터즈 터보팩, GT 아크로 에디션"
kia,스포티지 4세대,2016,2018,"1.7 디젤 2WD, 2.0 가솔린 2WD, 2.0 디젤 2WD, 2.0 디젤 4WD","노블레스, 노블레스 스페셜, 트렌디, 노블레스 플러스, 스타일 에디션, 프레스티지"
kia,스포티지 더 볼드,2019,2021,"1.6 디젤 2WD, 1.6 디젤 4WD, 2.0 가솔린 2WD, 2.0 디젤 2WD, 2.0 디젤 4WD","노블레스, 럭셔리, 시그니처, 시그니처 그래비티, 인텔리전트, 트렌디, 프레스티지, 프레스티지 그래비티"
kia,스포티지R,2010,2013,"2.0 가솔린 2WD, 2.0 가솔린 터보 2WD, 2.0 가솔린 터보 4WD, 2.0 디젤 2WD, 2.0 디젤 4WD","LX, TLX 최고급형, 리미티드, TLX 고급형, TLX 프리미엄"
kia,쏘렌토 4세대,2021,2022,"2.2 디젤 2WD, 2.2 디젤 4WD, 2.5 가솔린 터보 2WD, 2.5 가솔린 터보 4WD","그래비티, 노블레스, 시그니처, 트렌디, 프레스티지, 그래비티 (5인승), 그래비티 (6인승)"
kia,쏘렌토 4세대 하이브리드,2021,2021,"1.6 터보 HEV 2WD, 1.6 터보 HEV 4WD","그래비티, 노블레스, 시그니처, 프레스티지"
kia,쏘렌토R,2009,2012,"2.0 디젤 2WD, 2.2 디젤 2WD, 2.2 디젤 4WD, 2.4 가솔린 2WD, 2.7 LPi 2WD","LX 고급형, TLX 고급형, TLX 최고급형, TLX 프리미엄, 리미티드 고급형, 리미티드 프리미엄, 리미티드 스페셜"
kia,쏘울,2008,2013,"1.6, 1.6 디젤, 2.0","2U 고급형, 2U 세이프티, 2U 최고급형, 2U 쿨, 4U, 4U 코스모, U 고급형, U 스마트, U 최고급형, 디럭스"
kia,쏘울 EV,2015,2018,(전기),-
kia,쏘울 부스터,2019,2019,1.6 터보,"노블레스, 노블레스 스페셜, 프레스티지"
kia,쏘울 부스터 EV,2019,2019,(전기),"노블레스, 프레스티지"
kia,오피러스 프리미엄,2009,2011,"2.7, 2.7 LPi, 3.3, 3.8","GH270 디럭스, GH270 디럭스 스페셜, GH270 스페셜, GH270 스페셜 럭셔리, GH270 고급형, GH270 럭셔리, GH270 최고급형, GH270 프리세트지, GH330 고급형, GH330 고급형 럭셔리"
kia,올 뉴 K3,2018,2021,"1.6, 1.6 터보 4도어, 1.6 터보 5도어","노블레스, 럭셔리, 스탠다드, 스탠다드 LED팩, 시그니처, 트렌디, 프레스티지, GT 베이직, GT 플러스, GT 시그니처"
kia,올 뉴 K7,2016,2019,"2.2 디젤, 2.4, 3.0, 3.0 LPi, 3.0 LPi (렌터카용), 3.0 LPi (장애인용), 3.0 LPi (택시형), 3.3","노블레스, 리미티드, 리미티드 에디션, 프레스티지, 월드컵 에디션, 럭셔리, 디럭스, 노블레스 스페셜, 리미티드 플러스"
kia,올 뉴 K7 하이브리드,2016,2019,2.4 HEV,"노블레스, 노블레스 스페셜, 프레스티지"
kia,올 뉴 모닝,2011,2014,"1.0, 1.0 바이퓨얼, 1.0 밴","W 스페셜, 디럭스, 디럭스 스페셜, 디럭스 트렌디, 럭셔리, 럭셔리 스포츠, 스마트, 스마트 스페셜, 스포츠, 에코 다이나믹스 스마트"
kia,올 뉴 모닝 [JA],2017,2019,"1.0, 1.0 LPi, 1.0 밴, 1.0 터보","디럭스, 럭셔리, 레이디, 베이직 플러스, 트렌디, 프레스티지, -, 고급형"
kia,올 뉴 쏘렌토,2015,2017,"2.0 가솔린 터보 2WD, 2.0 가솔린 터보 4WD, 2.0 디젤 2WD, 2.0 디젤 4WD, 2.2 디젤 2WD, 2.2 디젤 4WD","노블레스, 프레스티지, 노블레스 스페셜, 디럭스, 럭셔리"
kia,올 뉴 쏘울,2014,2016,"1.6, 1.6 디젤","그린존, 노블레스, 럭셔리, 레드존, 브라운존, 트렌디, 프레스티지, 노블레스 스페셜, 액티브존"
kia,올 뉴 카니발,2014,2018,"2.2 디젤 11인승, 2.2 디젤 11인승 아웃도어, 2.2 디젤 11인승 하이리무진, 2.2 디젤 7인승 리무진, 2.2 디젤 7인승 아웃도어, 2.2 디젤 7인승 하이리무진, 2.2 디젤 9인승, 2.2 디젤 9인승 아웃도어, 2.2 디젤 9인승 하이리무진, 2.2 디젤 어린이보호차","노블레스, 디럭스, 럭셔리, 프레스티지, VIP, 매직스페이스, 프레지던트, 노블레스 스페셜, 프레스티지 하이루프, 11인승"
kia,올 뉴 카렌스,2013,2016,"1.7 디젤 5인승, 1.7 디젤 7인승, 2.0 LPi 7인승","노블레스, 디럭스, 럭셔리, 에코 다이나믹스, 트렌디, 프레스티지"
kia,올 뉴 프라이드,2012,2014,"1.4, 1.4 5도어, 1.4 디젤 5도어, 1.6, 1.6 5도어","디럭스, 스마트, 스마트 스페셜, 트렌디, 럭셔리, 럭셔리 에코 플러스, 프레스티지, 프레스티지 에코 플러스"
kia,카니발 4세대,2019,2022,"2.2 디젤 11인승, 2.2 디젤 7인승, 2.2 디젤 7인승 아웃도어, 2.2 디젤 7인승 하이리무진, 2.2 디젤 9인승, 2.2 디젤 9인승 하이리무진, 2.2 디젤 하이리무진 (특장업체), 3.5 가솔린 11인승, 3.5 가솔린 4인승 하이리무진, 3.5 가솔린 7인승","노블레스, 시그니처, 프레스티지, -"
kia,타스만,2025,2025,"2.5 가솔린 터보 2WD, 2.5 가솔린 터보 4WD","다이내믹, 어드벤처, 익스트림, X-프로"
kia,텔루라이드,2020,2020,"3.8 가솔린, 3.8 가솔린 AWD","EX, LX, S, SX"
kia,포르테,2008,2012,"1.6, 1.6 LPi, 1.6 디젤, 2.0, 2.0 (수출형), 2.4 (수출형), LPi HEV","S 고급형, S 기본형, SLi, Si, W 에디션, 디럭스, 디럭스 에코플러스, 럭셔리, 럭셔리 에코플러스, 프레스티지"
kia,포르테 쿱,2010,2012,"1.6, 2.0","고급형, 고급형 레드프리미엄, 기본형, 럭셔리, 프레스티지"
kia,포르테 해치백,2011,2012,1.6,"디럭스, 럭셔리, 프레스티지, 프레스티지 브라운"
kia,피아트 124,2018,2018,-,-
renault,QM3,2014,2017,1.5 디젤,"LE, RE, RE 시그니처, RE 시그니처 소닉 레드, RE 시그니처 쇼콜라 브라운, RE 시그니처 에투알 화이트, SE"
renault,QM5,2008,2011,"2.0 디젤 2WD, 2.0 디젤 4WD, 2.5 가솔린 2WD","LE, LE 프리미엄, LE 플러스, RE, RE 플러스, SE, SE 프리미엄팩, SE 플러스, 보스 스페셜 에디션, 어드벤처"
renault,QM5 네오,2014,2015,"2.0 가솔린 2WD, 2.0 디젤 2WD, 2.0 디젤 4WD","LE, R4U, RE, SE, LE 아트 컬렉션 II, RE 아트 컬렉션II, LE 아트 컬렉션II"
renault,QM6,2016,2019,"2.0 가솔린 2WD, 2.0 디젤 2WD, 2.0 디젤 4WD","LE, RE, RE 시그니처, SE, RE 플러스"
renault,SM3 Z.E,2014,2018,(전기),"RE, RE 스페셜, SE, SE 스페셜, SE 플러스"
renault,SM3 네오,2014,2019,"1.5 디젤, 1.6","LE, SE, LE 스타일팩, LE 스페셜, LE 아트 컬렉션II, PE, PE 스타일팩, R4U, RE, RE 스타일팩"
renault,SM5 노바,2011,2018,"1.5 디젤, 1.6 터보, 2.0, 2.0 LPLi (렌터카용), 2.0 LPLi (장애인용), 2.0 LPLi (택시형)","D, D 아트 컬렉션II, D 프리미엄, D 프리미엄 아트컬렉션II, TCE, TCE 스타일팩, TCE 아트 컬렉션II, LE, LE 스타일팩, LE 아트 컬렉션II"
renault,SM6,2016,2020,"1.5 디젤, 1.6 터보, 2.0, 2.0 LPe, 2.0 LPe (렌터카용), 2.0 LPe (장애인용), 2.0 LPe (택시형), 2.0 프라임","LE, PE, SE, RE, 프리미에르, LE 스페셜"
renault,SM7 노바,2014,2019,"2.0 LPe, 2.0 LPe (렌터카용), 2.0 LPe (장애인용), 2.0 LPe (택시형), 2.5, 3.5","-, LE, LE 스타일팩, LE 아트 컬렉션II, RE, RE 스타일팩, RE 아트 컬렉션II, SE, SE 스타일팩, LE35"
renault,SM7 뉴 아트,2008,2011,"2.3, 3.5","LE23, RE23, SE23, SE23 플러스, SE23 플레저, 프레스티지, LE35, RE35"
renault,XM3,2020,2023,"1.3, 1.6, 1.6 하이브리드","LE, RE, RE 시그니처, 온라인 스페셜 에디션, 인스파이어, LE 플러스, SE"
renault,그랑 콜레오스,2024,2026,"1.5 E-테크 하이브리드 2WD, 2.0 가솔린 터보 2WD, 2.0 가솔린 터보 4WD","아이코닉, 에스카파드 루프박스, 에스카파드 파노라마 선루프, 에스프리 알핀, 테크노"
renault,뉴 QM3,2017,2018,1.5 디젤,"LE, RE, RE S-에디션, RE 레드 에디션, RE 시그니처, RE 시그니처 레드, RE 시그니처 쇼콜라 브라운, RE 시그니처 에투알 화이트, RE 파노라믹 에디션, SE"
renault,뉴 QM5,2012,2013,"2.0 가솔린 2WD, 2.0 디젤 2WD, 2.0 디젤 4WD, 2.5 가솔린 2WD","LE20, SE20, LE, LE 플러스, RE, RE 아트, SE, 살로몬 에디션, LE25, LE25 플러스"
renault,뉴 SM3,2010,2014,"1.6, 2.0","LE, LE 썸머 에디션, LE 익스클루시브, LE 플러스, PE, RE, RE 썸머 에디션, SE, SE 블랙, SE 블랙 썸머 에디션"
renault,뉴 SM5 (신형),2010,2012,"2.0, 2.0 LPLi (렌터카용), 2.0 LPLi (장애인용), 2.0 LPLi (택시형), 2.5","LE, LE 익스클루시브, PE, RE, SE, SE 블랙, SE 플러스, XE, 보스 스페셜 에디션, 고급형"
renault,뉴 마스터,2020,2020,2.3 디젤,"13인승, 15인승, 밴 L, 밴 S, 어린이보호차, 캠핑카"
renault,뉴SM5 플래티넘,2011,2015,"1.5 디젤, 1.6 터보, 2.0, 2.0 LPLi (렌터카용), 2.0 LPLi (장애인용), 2.0 LPLi (택시형)","D, D 스페셜, 프리미엄 DCT, TCE, TCE S/S 컬렉션, LE, LE S/S 컬렉션, LE 아트, LE 파노라마, PE"
renault,더 뉴 QM6,2020,2024,"1.7 디젤 2WD, 2.0 LPe 2WD, 2.0 LPe 2WD (렌터카용), 2.0 LPe 2WD (장애인용), 2.0 가솔린 2WD, 2.0 디젤 4WD, 퀘스트 2.0 LPe 2WD","RE, RE 시그니처, SE, LE, LE 시그니처, 프리미에르, 볼드 에디션, 밴, 비즈니스, 어드밴처"
renault,더 뉴 SM6,2021,2023,"1.3, 1.8, 2.0 LPe","LE, RE, SE, SE 플러스, 프리미에르, 필, 인스파이어"
renault,마스터,2018,2019,2.3 디젤,"13인승, 15인승, L, S, 밴 L, 밴 S, 어린이보호차, 캠핑카"
renault,세닉,2025,2025,"아이코닉, 테크노, 테크노 플러스",-
renault,아르카나,2024,2026,"1.3 가솔린 터보, 1.6 가솔린, 1.6 가솔린 하이브리드","아이코닉, 아이코닉 컬러 패키지, 에볼루션, 테크노, 아이코닉 E-테크 디자인팩, 에스프리 알핀"
renault,올 뉴 SM7,2011,2014,"2.5, 3.5","LE, LE AVM 패키지, LE S/S 컬렉션, LE 아트, LE 파노라마, RE, RE S/S 컬렉션, RE 파노라마, SE, LE35"
renault,조에,2020,2020,(전기),"인텐스, 인텐스 에코, 젠"
renault,캡처,2020,2020,"1.3 TCe, 1.5 dCi","에디션 파리, 인텐스, 젠"
renault,클리오,2018,2019,1.5 dCi,"스틸, 아이코닉, 인텐스, 인텐스 파노라믹, 젠"
renault,트위지,2017,2019,(전기),"라이프, 인텐스, 카고"
renault,필랑트,2026,2026,가솔린 1.5 하이브리드 E-TECH,"아이코닉, 에스프리 알핀, 에스프리 알핀 1955, 테크노"
